name,lat,lon,timezone
TLPR,6.11029,116.205938,Singapore Standard Time
TBSE,6.067128,116.155156,Singapore Standard Time
BESQ,1.44568,110.4201,Singapore Standard Time
KLSR,1.448055,110.452861,Singapore Standard Time
KNEL,6.010967,116.113422,Singapore Standard Time
INAM,5.994063,116.13627,Singapore Standard Time
SMPT,4.48166,118.6074,Singapore Standard Time
HGAU,5.36888,116.1828,Singapore Standard Time
RCGG,4.32151,118.0821,Singapore Standard Time
FENG,1.467639,110.42716,Singapore Standard Time
ACPL,5.977803,116.075944,Singapore Standard Time
ADKA,5.342895,116.150565,Singapore Standard Time
AGAP,5.976962,116.086581,Singapore Standard Time
AIRG,1.503393,110.352195,Singapore Standard Time
AMIN,1.5679,110.3254,Singapore Standard Time
ANAS,1.549314,110.323269,Singapore Standard Time
ANGL,5.975311,116.073218,Singapore Standard Time
ANIS,1.188798,110.564772,Singapore Standard Time
ANKA,5.34948,116.15478,Singapore Standard Time
ANTU,1.539622,110.351517,Singapore Standard Time
AONG,1.54312,110.31593,Singapore Standard Time
APOK,1.518989,110.32479,Singapore Standard Time
APON,1.542568,110.383321,Singapore Standard Time
ARAG,1.5077,110.3199,Singapore Standard Time
ARKB,5.95325,116.077974,Singapore Standard Time
ASTA,1.570892,110.338068,Singapore Standard Time
ATAU,1.38269,110.37287,Singapore Standard Time
AVAN,5.972707,116.116968,Singapore Standard Time
AWAH,1.572333,110.375833,Singapore Standard Time
AZAR,1.55555,110.355,Singapore Standard Time
BAIG,5.91559,116.112984,Singapore Standard Time
BAUB,1.503871,110.388237,Singapore Standard Time
BAUD,1.513961,110.378751,Singapore Standard Time
BAUJ,1.526721,110.377351,Singapore Standard Time
BDLB,5.279928,115.245617,Singapore Standard Time
BEDA,5.303766,115.20668,Singapore Standard Time
BEVH,5.941578,116.102672,Singapore Standard Time
BIAT,4.77087,115.018,Singapore Standard Time
BIND,1.540769,110.392208,Singapore Standard Time
BIRD,1.511826,110.331536,Singapore Standard Time
BKKL,5.326382,115.21127,Singapore Standard Time
BNGT,5.314071,115.2245,Singapore Standard Time
BOHG,1.33148,110.29979,Singapore Standard Time
BORC,5.95789,116.08668,Singapore Standard Time
BORD,5.9609,116.11461,Singapore Standard Time
BORM,1.531025,110.337584,Singapore Standard Time
BRAI,6.374728,116.411763,Singapore Standard Time
BREZ,5.946428,116.077963,Singapore Standard Time
BTAL,1.716713,110.351476,Singapore Standard Time
BTMN,5.339924,115.223878,Singapore Standard Time
BUBL,4.46655,118.60198,Singapore Standard Time
BUTA,5.934999,116.066756,Singapore Standard Time
BUTG,5.953408,116.067552,Singapore Standard Time
BVDH,5.93084,116.10667,Singapore Standard Time
BYNG,5.392104,116.203004,Singapore Standard Time
CARK,1.522087,110.339841,Singapore Standard Time
CASU,5.94937,116.04791,Singapore Standard Time
CERY,5.939512,116.095984,Singapore Standard Time
CIDB,1.616382,110.344222,Singapore Standard Time
CINN,1.5474,110.3512,Singapore Standard Time
CKUC,1.500853,110.339744,Singapore Standard Time
CLAK,1.545325,110.355431,Singapore Standard Time
CMSB,5.961726,116.09431,Singapore Standard Time
COHG,5.942938,116.11974,Singapore Standard Time
CPEN,1.570329,110.394696,Singapore Standard Time
CPSB,5.978002,116.07152,Singapore Standard Time
CYBE,5.914146,116.06826,Singapore Standard Time
DABU,1.7074,110.3578,Singapore Standard Time
DANS,5.416797,116.180719,Singapore Standard Time
DECC,1.452113,110.4524,Singapore Standard Time
DEIL,1.453527,110.457666,Singapore Standard Time
DEIP,1.59646,110.40605,Singapore Standard Time
DEMB,1.579041,110.38411,Singapore Standard Time
DIKA,5.35107,116.14883,Singapore Standard Time
DIMA,5.913898,116.08498,Singapore Standard Time
DIXO,5.98291,116.10087,Singapore Standard Time
DMBC,1.746367,110.310998,Singapore Standard Time
DMPL,5.962657,116.089002,Singapore Standard Time
DMSC,5.982204,116.116602,Singapore Standard Time
DTMU,1.462246,110.482891,Singapore Standard Time
DWIR,1.505996,110.306803,Singapore Standard Time
ELAT,1.5667,110.3312,Singapore Standard Time
ELIS,1.548452,110.356684,Singapore Standard Time
ELIZ,5.96003,116.07341,Singapore Standard Time
EMAR,1.562861,110.316176,Singapore Standard Time
EMPI,1.431177,110.507937,Singapore Standard Time
ENIN,5.320056,116.173725,Singapore Standard Time
ENTI,1.40397,110.40265,Singapore Standard Time
FOCH,5.285361,115.226707,Singapore Standard Time
FOLA,1.526617,110.342261,Singapore Standard Time
FOOC,1.539061,110.37018,Singapore Standard Time
FULL,5.303537,115.228299,Singapore Standard Time
GAUT,5.986675,116.141414,Singapore Standard Time
GAYM,1.449677,110.407207,Singapore Standard Time
GEON,1.244188,110.68917,Singapore Standard Time
GLAM,1.5553,110.3101,Singapore Standard Time
GOLG,5.94932,116.09793,Singapore Standard Time
GRCV,5.959946,116.060724,Singapore Standard Time
GRIN,1.501714,110.347985,Singapore Standard Time
HIBB,1.560699,110.33007,Singapore Standard Time
HING,5.932565,116.0803,Singapore Standard Time
HOCK,1.553192,110.37056,Singapore Standard Time
HREE,1.54482,110.37089,Singapore Standard Time
HSKD,5.925299,116.092641,Singapore Standard Time
HTIA,5.2823,115.2603,Singapore Standard Time
HUIS,1.513351,110.344194,Singapore Standard Time
HYEN,5.316906,115.2441,Singapore Standard Time
IJRA,1.5756,110.3248,Singapore Standard Time
ILMU,1.458624,110.44954,Singapore Standard Time
INOF,5.27668,115.2486,Singapore Standard Time
INSA,1.688499,110.353144,Singapore Standard Time
IPKG,5.3065,116.159,Singapore Standard Time
IRAM,5.964537,116.09897,Singapore Standard Time
ITCC,5.909052,116.095507,Singapore Standard Time
IVIC,1.54298,110.344,Singapore Standard Time
JADE,1.54523,110.33121,Singapore Standard Time
JAST,1.574722,110.332166,Singapore Standard Time
JAYT,1.575845,110.30028,Singapore Standard Time
JESS,5.973049,116.104921,Singapore Standard Time
JLGY,5.982511,116.076647,Singapore Standard Time
JLKC,1.744016,110.316098,Singapore Standard Time
JPLM,1.55054,110.337024,Singapore Standard Time
JTPL,5.992299,116.11241,Singapore Standard Time
JUTT,5.337935,116.155569,Singapore Standard Time
JWAR,5.291191,115.250096,Singapore Standard Time
KAMA,1.545598,110.36422,Singapore Standard Time
KAMJ,1.48833,110.49329,Singapore Standard Time
KBAG,6.000183,116.12419,Singapore Standard Time
KBAK,1.663052,110.440508,Singapore Standard Time
KBAN,4.427119,118.52067,Singapore Standard Time
KBIA,5.2727,116.16127,Singapore Standard Time
KBLD,6.355185,116.43257,Singapore Standard Time
KDRM,1.5689,110.305167,Singapore Standard Time
KEPE,5.342919,116.15866,Singapore Standard Time
KERE,1.601519,110.358551,Singapore Standard Time
KEVV,5.344024,116.14419,Singapore Standard Time
KGAU,5.36922,116.15443,Singapore Standard Time
KGBE,5.281989,115.184042,Singapore Standard Time
KGHO,5.92882,116.11517,Singapore Standard Time
KGKR,5.327755,115.24252,Singapore Standard Time
KGTA,5.346361,115.239348,Singapore Standard Time
KHOS,5.374524,116.18297,Singapore Standard Time
KIAT,1.490718,110.345668,Singapore Standard Time
KITE,1.591361,110.325777,Singapore Standard Time
KKPZ,5.983,116.07388,Singapore Standard Time
KKTO,5.998596,116.1129,Singapore Standard Time
KLJM,5.35744,115.22757,Singapore Standard Time
KLMP,4.43181,118.27637,Singapore Standard Time
KMSB,1.717785,110.31578,Singapore Standard Time
KMSH,1.36735,110.535,Singapore Standard Time
KOBS,5.937018,116.07668,Singapore Standard Time
KOLO,5.98587,116.12379,Singapore Standard Time
KOPG,5.947871,116.065687,Singapore Standard Time
KOSH,5.33172,116.15519,Singapore Standard Time
KOST,5.992567,116.106567,Singapore Standard Time
KPBN,1.70336,110.37086,Singapore Standard Time
KPED,1.3796,110.44547,Singapore Standard Time
KPIT,2.01258,112.93547,Singapore Standard Time
KPPA,1.25091,110.48432,Singapore Standard Time
KPRP,1.642049,110.336298,Singapore Standard Time
KSBD,5.295572,115.208318,Singapore Standard Time
KTSA,1.470525,110.49244,Singapore Standard Time
KUAP,1.40564,110.36666,Singapore Standard Time
KUSE,1.279135,110.448001,Singapore Standard Time
KUWA,5.964991,116.070887,Singapore Standard Time
LAAN,6.008171,116.131085,Singapore Standard Time
LAKA,5.3159,116.14456,Singapore Standard Time
LAZN,5.298049,115.259109,Singapore Standard Time
LCOS,5.354316,116.171638,Singapore Standard Time
LEEG,1.570092,110.301207,Singapore Standard Time
LGAN,5.37313,116.16405,Singapore Standard Time
LIMT,4.741076,115.00881,Singapore Standard Time
LITA,1.577444,110.350694,Singapore Standard Time
LITC,4.755111,115.009226,Singapore Standard Time
LIWH,1.553615,110.353674,Singapore Standard Time
LKSQ,5.99004,116.09237,Singapore Standard Time
LNJY,5.930958,116.0703,Singapore Standard Time
LODG,1.527979,110.390768,Singapore Standard Time
LPLB,5.988873,116.07974,Singapore Standard Time
LWAS,4.85844,115.40576,Singapore Standard Time
LWST,4.870057,115.406989,Singapore Standard Time
LYGN,5.342618,115.202267,Singapore Standard Time
MAUI,5.958021,116.064966,Singapore Standard Time
MCHR,5.346119,116.169298,Singapore Standard Time
MELB,1.45525,110.44031,Singapore Standard Time
MIER,1.515103,110.353812,Singapore Standard Time
MKAW,1.513522,110.305232,Singapore Standard Time
MNTK,5.382594,115.238919,Singapore Standard Time
MRTB,1.65299,110.476992,Singapore Standard Time
MTJY,1.574903,110.294159,Singapore Standard Time
MUAT,1.45645,110.494105,Singapore Standard Time
NAMP,5.910988,116.117507,Singapore Standard Time
NEKA,5.970833,116.07499,Singapore Standard Time
NELY,5.980648,116.12298,Singapore Standard Time
NEWD,5.90834,116.10306,Singapore Standard Time
NGAL,6.24447,116.3257,Singapore Standard Time
NGAU,5.335822,116.150375,Singapore Standard Time
NGGK,1.37929,110.32395,Singapore Standard Time
NIUP,1.402945,110.530342,Singapore Standard Time
NONG,5.965233,116.063349,Singapore Standard Time
NOSO,5.9218,116.083968,Singapore Standard Time
NWON,1.569597,110.3121,Singapore Standard Time
OKKD,5.332333,115.195068,Singapore Standard Time
PBAI,6.34059,116.403068,Singapore Standard Time
PBKB,6.359323,116.42837,Singapore Standard Time
PDOG,5.912696,116.10231,Singapore Standard Time
PEND,1.549333,110.375975,Singapore Standard Time
PENM,5.921341,116.097558,Singapore Standard Time
PENP,5.928758,116.098316,Singapore Standard Time
PENV,1.55014,110.386,Singapore Standard Time
PETR,5.918736,116.06607,Singapore Standard Time
PGAN,1.55353,110.363332,Singapore Standard Time
PGAY,6.010816,116.06089,Singapore Standard Time
PHAB,4.78473,114.99636,Singapore Standard Time
PIRS,6.323101,116.42584,Singapore Standard Time
PLZS,5.950852,116.07247,Singapore Standard Time
PMAR,1.5574,110.3597,Singapore Standard Time
POOL,1.146394,110.58513,Singapore Standard Time
PPJC,1.667406,110.336103,Singapore Standard Time
PROM,5.97382,116.06769,Singapore Standard Time
PSSU,5.9656,116.0567,Singapore Standard Time
PTNG,5.342744,116.126227,Singapore Standard Time
PULK,1.364484,110.322046,Singapore Standard Time
RABA,1.583675,110.369684,Singapore Standard Time
RADI,5.981241,116.1054,Singapore Standard Time
RANC,5.259181,115.234768,Singapore Standard Time
RAUT,5.961642,116.665966,Singapore Standard Time
REPA,1.537232,110.324636,Singapore Standard Time
REPC,5.959098,116.079222,Singapore Standard Time
RIVR,1.48768,110.40063,Singapore Standard Time
RPRB,1.523452,110.318033,Singapore Standard Time
RSGP,5.943689,116.081495,Singapore Standard Time
RTMK,6.35937,116.42104,Singapore Standard Time
RYSM,1.4672,110.43471,Singapore Standard Time
SANG,1.559229,110.299712,Singapore Standard Time
SAST,1.734,110.31486,Singapore Standard Time
SBPS,5.954775,116.107183,Singapore Standard Time
SEJI,1.593776,110.444177,Singapore Standard Time
SEMO,1.3973,110.33917,Singapore Standard Time
SETT,1.49944,110.385,Singapore Standard Time
SGLD,5.306985,115.18372,Singapore Standard Time
SGSU,1.482992,110.523876,Singapore Standard Time
SGTR,1.21072,110.53122,Singapore Standard Time
SIBU,1.35517,110.41107,Singapore Standard Time
SIMU,4.46796,118.61447,Singapore Standard Time
SIOL,1.572296,110.360805,Singapore Standard Time
SMIP,1.595222,110.429888,Singapore Standard Time
SMPR,4.477252,118.61052,Singapore Standard Time
SMRD,1.43898,110.40246,Singapore Standard Time
SMRG,1.629487,110.330399,Singapore Standard Time
SMRI,1.63258,110.339061,Singapore Standard Time
SMTL,5.334272,115.233054,Singapore Standard Time
SONG,1.51975,110.359837,Singapore Standard Time
SOUR,1.588564,110.3627,Singapore Standard Time
SQSB,5.947862,116.090337,Singapore Standard Time
SRAN,1.171974,110.56602,Singapore Standard Time
SRIW,1.578,110.315,Singapore Standard Time
SRKP,5.940245,116.067904,Singapore Standard Time
STIG,1.535013,110.356267,Singapore Standard Time
SUGD,5.968053,116.08363,Singapore Standard Time
SUKN,5.9705,116.128951,Singapore Standard Time
SUMA,1.442717,110.537133,Singapore Standard Time
SUNN,1.522403,110.335065,Singapore Standard Time
TABI,1.535016,110.386292,Singapore Standard Time
TAGS,4.430211,118.54658,Singapore Standard Time
TDIX,5.941139,116.088944,Singapore Standard Time
TENH,6.264639,116.34336,Singapore Standard Time
TGKA,4.50718,118.54897,Singapore Standard Time
TGUS,6.399517,116.437001,Singapore Standard Time
THSR,1.298693,110.40631,Singapore Standard Time
TJPZ,5.951449,116.05346,Singapore Standard Time
TMAN,1.174534,110.57317,Singapore Standard Time
TMDB,1.451119,110.46537,Singapore Standard Time
TMMH,1.39316,110.35625,Singapore Standard Time
TMSC,5.28866,115.26383,Singapore Standard Time
TMTJ,1.582073,110.304209,Singapore Standard Time
TMTU,1.162448,110.54883,Singapore Standard Time
TNTR,1.43107,110.38876,Singapore Standard Time
TOSR,5.926208,116.076739,Singapore Standard Time
TQKI,5.9707,116.06521,Singapore Standard Time
TSBN,5.37959,116.15252,Singapore Standard Time
TTOJ,1.519791,110.380897,Singapore Standard Time
UKMA,1.596621,110.341191,Singapore Standard Time
UMSL,5.280018,115.175497,Singapore Standard Time
UMWI,5.99201,116.12159,Singapore Standard Time
UMWM,1.548832,110.369405,Singapore Standard Time
UNIC,1.473428,110.41392,Singapore Standard Time
UNIK,1.462083,110.427416,Singapore Standard Time
UNIQ,1.464953,110.418043,Singapore Standard Time
UNSA,1.460012,110.414125,Singapore Standard Time
UTMK,1.445299,110.443293,Singapore Standard Time
VOKK,5.2866,115.25116,Singapore Standard Time
VWHT,5.94021,116.05723,Singapore Standard Time
WIMI,5.97683,116.100445,Singapore Standard Time
WLEV,5.95541,116.09434,Singapore Standard Time
WMOC,5.2792,115.2408,Singapore Standard Time
WOKO,6.361111,116.4528,Singapore Standard Time
WOLO,5.2997,115.2411,Singapore Standard Time
WSAB,5.985931,116.075703,Singapore Standard Time
KABO_B,4.441696,118.6121,Singapore Standard Time
BATG_B,6.124258,116.13448,Singapore Standard Time
MATH_B,5.86691,118.0737,Singapore Standard Time
WALR_C,5.835788,118.0609,Singapore Standard Time
BBTR_B,5.975755,116.135383,Singapore Standard Time
INAN,5.98487,116.13112,Singapore Standard Time
BOGW,5.53503,115.848789,Singapore Standard Time
KGKO,5.92201,116.13351,Singapore Standard Time
TKIN,5.828076,116.04932,Singapore Standard Time
TOMB,5.855202,116.06638,Singapore Standard Time
MORS,4.354694,113.98844,Singapore Standard Time
FRTN,2.292501,111.835533,Singapore Standard Time
NAGK,2.31635,111.83049,Singapore Standard Time
KRPM,4.416358,113.99803,Singapore Standard Time
SBRS,4.419888,114.01894,Singapore Standard Time
SERW,4.40528,114.00129,Singapore Standard Time
KNTA,5.71885,115.9677,Singapore Standard Time
SAJA,5.90123,116.078378,Singapore Standard Time
KKTU,5.872193,116.060263,Singapore Standard Time
RIAM,4.345972,113.99667,Singapore Standard Time
PDDA,2.2956,111.83969,Singapore Standard Time
KMNB,3.151481,113.100301,Singapore Standard Time
AIRB,3.121447,113.027218,Singapore Standard Time
LNGS,2.285245,111.833234,Singapore Standard Time
KPBH,5.893175,116.09174,Singapore Standard Time
DHON,2.30229,111.863373,Singapore Standard Time
FOSA,5.348594,115.728759,Singapore Standard Time
LIAK,5.867491,116.105397,Singapore Standard Time
PHLW,2.306413,111.849378,Singapore Standard Time
PDWN,5.70113,115.98817,Singapore Standard Time
TOME,5.88477,116.054465,Singapore Standard Time
HARN,2.29503,111.82283,Singapore Standard Time
OYSI,2.293975,111.931564,Singapore Standard Time
SHDA,3.169909,113.04335,Singapore Standard Time
SBHO,2.298702,111.894214,Singapore Standard Time
OSMN,2.29299,111.826551,Singapore Standard Time
KEES,3.173046,113.039353,Singapore Standard Time
PCHD,5.804296,116.012184,Singapore Standard Time
NBUK,3.172318,113.054322,Singapore Standard Time
CHNL,3.174112,113.048112,Singapore Standard Time
KPYN,5.926654,116.056231,Singapore Standard Time
TRUN,5.7261,115.91584,Singapore Standard Time
MILE,5.91894,116.058084,Singapore Standard Time
YAKN,4.41496,114.00568,Singapore Standard Time
PIJA,4.426833,114.00525,Singapore Standard Time
LUGU,5.739441,115.92088,Singapore Standard Time
BKTJ,5.820443,116.04504,Singapore Standard Time
MANS,5.741455,115.90604,Singapore Standard Time
KAWI,5.840903,116.04741,Singapore Standard Time
JMSA,2.29799,111.82966,Singapore Standard Time
PREM,2.28908,111.83036,Singapore Standard Time
MURA,4.430318,114.019147,Singapore Standard Time
VLNC,4.422527,114.00967,Singapore Standard Time
PKMS,5.630186,115.899908,Singapore Standard Time
WLUT,5.345616,115.7458,Singapore Standard Time
FEDL,3.18744,113.05312,Singapore Standard Time
PSTU,5.02512,118.3036,Singapore Standard Time
RJAN,2.30658,111.83685,Singapore Standard Time
SEAW,3.190639,113.041657,Singapore Standard Time
HLDT,5.028212,118.309243,Singapore Standard Time
YANB,3.195833,113.07236,Singapore Standard Time
AUYO,2.312222,111.837483,Singapore Standard Time
LOKW,5.83607,116.04358,Singapore Standard Time
ASSY,3.197138,113.05486,Singapore Standard Time
TNJB,3.198788,113.046881,Singapore Standard Time
AIRM,4.330812,113.98564,Singapore Standard Time
PCBB,3.18691,113.039078,Singapore Standard Time
SBDR,2.278881,111.954907,Singapore Standard Time
TMPT,4.43827,114.021287,Singapore Standard Time
TSPA,5.338317,115.723233,Singapore Standard Time
LMAU,5.815888,116.034205,Singapore Standard Time
ROSE,5.82538,116.03616,Singapore Standard Time
HAND,4.396416,113.99053,Singapore Standard Time
BCHK,5.822395,116.01906,Singapore Standard Time
SHIN,5.908951,116.047797,Singapore Standard Time
TKKA,5.913851,116.049961,Singapore Standard Time
PCTA,5.901892,116.047591,Singapore Standard Time
PSPT,5.898627,116.039603,Singapore Standard Time
TKIS,5.722803,115.926607,Singapore Standard Time
PELT,4.390385,113.987574,Singapore Standard Time
MDNJ,3.19934,113.06113,Singapore Standard Time
NOVU,5.709475,115.944398,Singapore Standard Time
LKUT,5.72876,115.95137,Singapore Standard Time
DYNM,4.363285,113.985866,Singapore Standard Time
KGSI,3.166423,113.050019,Singapore Standard Time
BNTA,4.40025,113.99511,Singapore Standard Time
SIBA,2.25433,111.9875,Singapore Standard Time
PRMH,4.254337,117.89693,Singapore Standard Time
KGCE,4.373861,113.982972,Singapore Standard Time
LIHU,3.182694,113.05119,Singapore Standard Time
KAMY,5.848757,118.11978,Singapore Standard Time
TNGT,4.250701,117.907009,Singapore Standard Time
PGAT,5.75338,115.9612,Singapore Standard Time
AWMM,4.364318,113.975753,Singapore Standard Time
BEKY,4.248499,117.901905,Singapore Standard Time
BKSB,5.882,116.091468,Singapore Standard Time
DUCH,5.855464,118.102963,Singapore Standard Time
HELE,4.39999,113.98937,Singapore Standard Time
TMPA,5.7292,115.935,Singapore Standard Time
KMNA,3.146921,113.082762,Singapore Standard Time
SABN,5.831359,116.03984,Singapore Standard Time
SDKM,5.839735,118.120857,Singapore Standard Time
HPSG,5.02639,118.33574,Singapore Standard Time
DLTA,2.310696,111.824558,Singapore Standard Time
SABS,4.244159,117.893177,Singapore Standard Time
KGMU,5.863609,118.092133,Singapore Standard Time
PCRZ,3.18024,113.03694,Singapore Standard Time
UMKA,4.24427,117.88836,Singapore Standard Time
PSKT,5.879731,118.05251,Singapore Standard Time
HSTW,4.2504,117.8791,Singapore Standard Time
COWI,4.243771,117.88585,Singapore Standard Time
TRAW,5.894978,116.066848,Singapore Standard Time
MYIN,5.026304,118.295436,Singapore Standard Time
BENO,5.699769,115.9276,Singapore Standard Time
JMJD,4.249113,117.88826,Singapore Standard Time
ARTI,5.863987,116.046401,Singapore Standard Time
BLVM,4.41497,114.01291,Singapore Standard Time
UTMY,4.247666,117.89253,Singapore Standard Time
TWNA,4.315274,118.11523,Singapore Standard Time
JMWA,4.252855,117.887941,Singapore Standard Time
HEBP,4.246445,117.88334,Singapore Standard Time
RPSA,5.804192,116.027251,Singapore Standard Time
KKPK,5.03254,118.33881,Singapore Standard Time
JTWA,4.245049,117.895594,Singapore Standard Time
TMFJ,5.028826,118.326096,Singapore Standard Time
MJKR,5.734935,115.931913,Singapore Standard Time
INOB,5.90201,116.13267,Singapore Standard Time
PNGK,5.749242,115.947534,Singapore Standard Time
SRNT,5.656648,115.897512,Singapore Standard Time
TINO,5.858412,118.07547,Singapore Standard Time
PTSM,5.892041,116.047763,Singapore Standard Time
PNGB,5.76959,115.9644,Singapore Standard Time
MMPS,5.842766,118.09541,Singapore Standard Time
TAIR,5.890188,118.06015,Singapore Standard Time
DAHU,4.26714,117.910381,Singapore Standard Time
TJBL,4.268397,117.875848,Singapore Standard Time
SSLI,5.869989,118.092807,Singapore Standard Time
BOML,4.33931,117.83491,Singapore Standard Time
JWLD,5.02376,118.28366,Singapore Standard Time
KGWS,5.051481,118.32836,Singapore Standard Time
SIMK,4.673195,118.211933,Singapore Standard Time
METI,4.3727,117.8214,Singapore Standard Time
KTAS,4.318443,118.0313,Singapore Standard Time
PWRA,4.3098,118.001,Singapore Standard Time
KLOP,5.04664,118.34239,Singapore Standard Time
KIMA,4.312578,117.83701,Singapore Standard Time
ENTA,1.40589,111.53528,Singapore Standard Time
WASH,4.65677,118.203542,Singapore Standard Time
TMNM,5.005656,118.247239,Singapore Standard Time
BRYN,1.21825,111.48117,Singapore Standard Time
BYUA,1.226177,111.466804,Singapore Standard Time
FUJI,4.26046,117.9015,Singapore Standard Time
LDIM,4.30612,117.88942,Singapore Standard Time
MUKH,2.900222,112.091601,Singapore Standard Time
NESH,4.294,117.89019,Singapore Standard Time
KPTI,4.24278,117.90283,Singapore Standard Time
KNET,4.30486,117.8768,Singapore Standard Time
SGDT,5.010523,118.47537,Singapore Standard Time
UBSD,4.30544,118.06182,Singapore Standard Time
KSRP,5.01828,118.29974,Singapore Standard Time
SRIQ,1.24962,111.45471,Singapore Standard Time
MUKK,2.903161,112.07473,Singapore Standard Time
KLLU,1.2346,111.47053,Singapore Standard Time
SNTO,1.21412,111.46385,Singapore Standard Time
NKUB,2.89253,112.10236,Singapore Standard Time
UGAD,5.619654,115.920781,Singapore Standard Time
MEHM,4.3854,117.76433,Singapore Standard Time
KBUT,4.933822,118.166919,Singapore Standard Time
ADRY,4.28799,117.97523,Singapore Standard Time
TNAP,4.2863,117.903,Singapore Standard Time
HLTP,4.27537,117.88205,Singapore Standard Time
KTGD,4.98248,118.21718,Singapore Standard Time
COWB,4.244012,117.911472,Singapore Standard Time
DABE,3.123568,113.059043,Singapore Standard Time
CORH,4.25859,117.9089,Singapore Standard Time
HARA,4.27725,117.88735,Singapore Standard Time
BLUN,4.26412,117.9556,Singapore Standard Time
MNTS,2.89213,112.089,Singapore Standard Time
SRDD,1.7538,111.34315,Singapore Standard Time
PEWO,1.41619,111.536261,Singapore Standard Time
SPOH,1.399507,111.54162,Singapore Standard Time
MBPO,5.02728,118.41897,Singapore Standard Time
RIA3,4.2802,117.87824,Singapore Standard Time
TLIP,4.265994,117.890755,Singapore Standard Time
BSID,4.26326,118.01436,Singapore Standard Time
WRSN,5.03361,118.37524,Singapore Standard Time
AMN1,5.04018,118.3912,Singapore Standard Time
KBUR,5.037503,118.335303,Singapore Standard Time
SHRU,5.03445,118.36417,Singapore Standard Time
BSPD,5.031169,118.283432,Singapore Standard Time
CKNG,4.417036,117.49385,Singapore Standard Time
CNAK,4.69386,118.2406,Singapore Standard Time
LMAS,4.476944,117.666194,Singapore Standard Time
KUJB,4.677054,118.252671,Singapore Standard Time
POIC,5.02422,118.36578,Singapore Standard Time
SPIT,5.099435,115.56647,Singapore Standard Time
KUNA,4.68534,118.24766,Singapore Standard Time
MERN,5.060185,115.549854,Singapore Standard Time
SIPG,5.083015,115.551058,Singapore Standard Time
RAMT,4.27553,117.8681,Singapore Standard Time
INAA,4.29949,118.169772,Singapore Standard Time
KBPP,4.28138,117.85916,Singapore Standard Time
KTBL,4.392198,117.79077,Singapore Standard Time
TMJC,4.25625,117.92108,Singapore Standard Time
KNUA,5.034851,118.388406,Singapore Standard Time
WKUB,4.294911,118.126985,Singapore Standard Time
BACO,4.36591,118.10107,Singapore Standard Time
TWAI,4.274197,118.059322,Singapore Standard Time
MILT,4.269466,118.003966,Singapore Standard Time
KAOS,4.264387,117.97372,Singapore Standard Time
KTIG,4.249897,117.954868,Singapore Standard Time
TIKS,4.293589,117.950721,Singapore Standard Time
TIND,4.292761,118.00303,Singapore Standard Time
KNBN,4.25195,117.94274,Singapore Standard Time
TMIL,4.27258,117.93094,Singapore Standard Time
PAPU,4.298223,117.85905,Singapore Standard Time
TWAU,4.414195,117.779168,Singapore Standard Time
EASN,4.274764,117.90324,Singapore Standard Time
TGKR,4.28679,117.87243,Singapore Standard Time
TMGD,4.25124,117.93108,Singapore Standard Time
MEJY,4.25125,117.91745,Singapore Standard Time
GUAN,4.259608,117.882883,Singapore Standard Time
MLAN,4.28206,117.91186,Singapore Standard Time
LIMC,4.267586,117.897111,Singapore Standard Time
KUHA,4.285239,117.89479,Singapore Standard Time
GALU,4.28836,117.87902,Singapore Standard Time
SLDT,4.99483,118.55633,Singapore Standard Time
BILD,5.02249,118.44253,Singapore Standard Time
BPAR,5.048229,118.285704,Singapore Standard Time
SPGL,5.012497,118.265391,Singapore Standard Time
JLAG,5.040242,118.345106,Singapore Standard Time
KWOL,5.02322,118.35234,Singapore Standard Time
JGKT,5.0233,118.3269,Singapore Standard Time
MUHB,5.039192,118.296903,Singapore Standard Time
RSRY,5.03407,118.310108,Singapore Standard Time
LEET,5.864037,118.08226,Singapore Standard Time
MAIP,2.306687,111.89693,Singapore Standard Time
BRAM,4.557733,114.055514,Singapore Standard Time
MYYP,4.561529,114.025981,Singapore Standard Time
KDRO,3.247914,113.094526,Singapore Standard Time
DTPR,4.474845,114.037287,Singapore Standard Time
PUJT,4.456795,114.038794,Singapore Standard Time
SLMS,2.26544,111.86692,Singapore Standard Time
TEKC,2.346939,111.843547,Singapore Standard Time
ALAS,2.267536,111.855097,Singapore Standard Time
UPLN,2.254602,111.85222,Singapore Standard Time
KNFR,4.484345,114.008289,Singapore Standard Time
UPMB,3.203835,113.09167,Singapore Standard Time
MLNG,3.275367,113.083431,Singapore Standard Time
WWAN,2.345776,111.82636,Singapore Standard Time
AYSK,3.263361,113.11331,Singapore Standard Time
APOL,2.319563,111.84823,Singapore Standard Time
UYUY,2.298909,111.881719,Singapore Standard Time
PAUT,4.44854,114.00755,Singapore Standard Time
TNGH,2.323944,111.837788,Singapore Standard Time
HSBI,3.22704,113.100219,Singapore Standard Time
PRMJ,4.464436,114.039225,Singapore Standard Time
PRDO,2.23179,111.78759,Singapore Standard Time
TMTN,4.318679,113.994459,Singapore Standard Time
SGMR,2.326246,111.854371,Singapore Standard Time
LNSI,5.846376,118.04292,Singapore Standard Time
LTNG,4.46733,114.0086,Singapore Standard Time
RPRK,3.237214,113.088165,Singapore Standard Time
KIDH,3.227092,113.06649,Singapore Standard Time
SEDN,4.494666,114.00648,Singapore Standard Time
PDNM,4.50099,114.035901,Singapore Standard Time
ULUM,2.329122,111.864734,Singapore Standard Time
SDUN,2.31281,111.8469,Singapore Standard Time
NYAB,3.217235,113.08083,Singapore Standard Time
SBYU,3.18168,113.077394,Singapore Standard Time
CURT,4.505417,114.010111,Singapore Standard Time
TKUS,2.35665,111.85494,Singapore Standard Time
WBIN,3.208698,113.050389,Singapore Standard Time
OCEN,4.323778,113.97275,Singapore Standard Time
SVLL,3.194206,113.091481,Singapore Standard Time
AMAM,4.4923,114.03284,Singapore Standard Time
TSUK,2.241577,111.85844,Singapore Standard Time
TECP,4.485042,114.032687,Singapore Standard Time
KMBA,4.477378,114.018053,Singapore Standard Time
RTHO,4.47995,114.047427,Singapore Standard Time
KERB,4.407998,114.0128,Singapore Standard Time
KDRR,3.17822,113.06587,Singapore Standard Time
SPBW,2.290365,111.847616,Singapore Standard Time
TUN1,4.308842,113.994998,Singapore Standard Time
SBJA,2.239076,111.976634,Singapore Standard Time
SDIT,2.245583,111.7984,Singapore Standard Time
PUJU,4.448575,114.050126,Singapore Standard Time
TUD1,4.427075,114.047978,Singapore Standard Time
RPRP,3.272065,113.109293,Singapore Standard Time
GRVI,5.86482,118.116301,Singapore Standard Time
KASD,5.851494,118.129055,Singapore Standard Time
HPPD,4.379874,113.997944,Singapore Standard Time
PADM,4.392871,114.0164,Singapore Standard Time
SECR,4.492546,114.016584,Singapore Standard Time
DMUR,4.468292,114.046285,Singapore Standard Time
SUMS,3.5223,113.33563,Singapore Standard Time
MEGH,5.874474,118.038081,Singapore Standard Time
SVII,3.20375,113.07967,Singapore Standard Time
SDTF,5.85057,118.052849,Singapore Standard Time
KIEW,2.254533,111.864003,Singapore Standard Time
KSEE,2.277809,111.86986,Singapore Standard Time
ANKT,3.184311,113.09683,Singapore Standard Time
SDMR,4.5011,114.02154,Singapore Standard Time
CRCA,4.454836,114.01623,Singapore Standard Time
PEST,3.21324,113.151,Singapore Standard Time
GRJA,5.877399,118.01314,Singapore Standard Time
AMSK,5.906967,118.062625,Singapore Standard Time
SBUJ,2.304618,111.948054,Singapore Standard Time
SGNY,3.163852,113.06617,Singapore Standard Time
LNNG,2.274103,111.84187,Singapore Standard Time
TUN3,4.319546,114.0041,Singapore Standard Time
LUAK,4.349843,113.972974,Singapore Standard Time
SGDL,4.341677,114.01367,Singapore Standard Time
MRNA,4.397269,113.98644,Singapore Standard Time
SPLO,5.870809,117.95255,Singapore Standard Time
STBA,2.236132,111.88994,Singapore Standard Time
BDAH,3.233403,113.074522,Singapore Standard Time
SEGT,5.888935,117.991185,Singapore Standard Time
KDRG,3.256936,113.091226,Singapore Standard Time
JPOT,4.341717,113.984758,Singapore Standard Time
SBGA,5.888167,118.034252,Singapore Standard Time
ABDL,4.30352,114.0179,Singapore Standard Time
LINS,5.843743,118.068699,Singapore Standard Time
JSON,3.193957,113.066517,Singapore Standard Time
PUKM,3.190317,113.109511,Singapore Standard Time
SAAP,5.893686,118.075723,Singapore Standard Time
FIRZ,4.435731,114.00965,Singapore Standard Time
SNTS,5.931947,118.01399,Singapore Standard Time
LSUT,4.331558,114.006227,Singapore Standard Time
CHNN,2.281821,111.984508,Singapore Standard Time
AGGK,5.859703,118.034995,Singapore Standard Time
KAES,5.905222,118.00523,Singapore Standard Time
KMYA,2.33596,111.95936,Singapore Standard Time
KUAL,4.586501,114.0712,Singapore Standard Time
BRIV,4.55723,114.071039,Singapore Standard Time
SMLJ,3.303356,113.115338,Singapore Standard Time
NGHP,4.523309,113.990259,Singapore Standard Time
GUMG,5.894957,117.919061,Singapore Standard Time
POSA,5.920368,118.009493,Singapore Standard Time
PKKL,4.574017,113.989819,Singapore Standard Time
BIEW,3.182712,113.085707,Singapore Standard Time
SUEN,4.275806,114.027,Singapore Standard Time
TKYM,3.551193,113.313281,Singapore Standard Time
KNYT,2.261317,111.744686,Singapore Standard Time
LOTS,2.269169,111.965,Singapore Standard Time
KMHO,3.157501,113.110415,Singapore Standard Time
FOOH,5.894961,117.948246,Singapore Standard Time
PRMY,4.443487,114.03877,Singapore Standard Time
KIND,3.268433,113.067959,Singapore Standard Time
BTJE,3.161008,113.031317,Singapore Standard Time
LBUK,5.869749,118.028642,Singapore Standard Time
RIOR,3.538039,113.325624,Singapore Standard Time
BAR2,4.553174,114.01624,Singapore Standard Time
SGRG,2.222451,111.991273,Singapore Standard Time
DLMM,4.367944,114.00925,Singapore Standard Time
POAD,3.565111,113.32797,Singapore Standard Time
UMUK,3.228036,113.1619,Singapore Standard Time
KEM1,3.158629,113.087587,Singapore Standard Time
SMLI,3.461878,113.385903,Singapore Standard Time
SMDE,3.165627,113.10052,Singapore Standard Time
SMJU,3.28053,113.11919,Singapore Standard Time
KNDU,3.284292,113.089638,Singapore Standard Time
JELT,4.297323,113.988687,Singapore Standard Time
KHHO,4.309572,113.96847,Singapore Standard Time
INN1,4.387333,113.974539,Singapore Standard Time
BKLM,2.284358,111.856119,Singapore Standard Time
PMJA,2.310442,111.88888,Singapore Standard Time
MEED,2.327653,111.874371,Singapore Standard Time
SIB3,2.259242,111.887064,Singapore Standard Time
UPLA,2.285667,111.840267,Singapore Standard Time
SJYY,2.24403,111.963838,Singapore Standard Time
JDGA,3.190914,113.080338,Singapore Standard Time
KBLM,4.317491,114.034471,Singapore Standard Time
SROJ,4.462694,114.02918,Singapore Standard Time
SRHR,5.857893,118.058167,Singapore Standard Time
TIRA,5.852121,118.085235,Singapore Standard Time
BUSK,5.860129,118.049504,Singapore Standard Time
TEKL,2.336471,111.83512,Singapore Standard Time
LNGB,2.246978,111.83914,Singapore Standard Time
BHSE,2.355763,111.865016,Singapore Standard Time
TYNG,5.86815,118.059213,Singapore Standard Time
ELOP,5.858416,118.11113,Singapore Standard Time
AIRT,5.891002,118.054445,Singapore Standard Time
TSHN,5.857713,118.065495,Singapore Standard Time
CAPL,5.83737,118.10025,Singapore Standard Time
MEPI,5.89329,118.043625,Singapore Standard Time
CHUN,5.878798,118.02888,Singapore Standard Time
KMUG,5.831889,118.07658,Singapore Standard Time
BTPT,5.906861,118.048349,Singapore Standard Time
NAMT,5.831819,118.089715,Singapore Standard Time
BKAA,5.810429,118.060077,Singapore Standard Time
KAMT,5.809824,118.07503,Singapore Standard Time
MAWR,5.846413,118.02824,Singapore Standard Time
BTSA,5.799652,118.03766,Singapore Standard Time
KPTN,5.887323,118.091968,Singapore Standard Time
KBHG,5.793486,118.032048,Singapore Standard Time
MIBS,5.821837,118.047129,Singapore Standard Time
HARV,5.854621,118.12311,Singapore Standard Time
SGUR,5.84312,118.00208,Singapore Standard Time
LRAN,5.857068,118.024757,Singapore Standard Time
HTPV,5.8847,118.049653,Singapore Standard Time
BAIH,5.853281,118.076155,Singapore Standard Time
RNTA,2.41607,111.8393,Singapore Standard Time
JRAY,2.302772,111.917481,Singapore Standard Time
SNSU,2.29354,111.91071,Singapore Standard Time
GURM,5.642932,115.95453,Singapore Standard Time
FLAM_B,6.0552,116.1807,Singapore Standard Time
BEAU_B,5.341897,115.731555,Singapore Standard Time
BETU,6.150848,116.214739,Singapore Standard Time
SINO,6.04003,116.16623,Singapore Standard Time
KLAP,6.163106,116.24252,Singapore Standard Time
WISM,1.607262,110.338901,Singapore Standard Time
BDPT,6.05612,116.172364,Singapore Standard Time
PUWA,6.017529,116.137824,Singapore Standard Time
KPBD,6.058545,116.156379,Singapore Standard Time
BTOO,1.41264,111.52696,Singapore Standard Time
HGGU,1.575955,110.26752,Singapore Standard Time
OEJY,1.518046,110.365873,Singapore Standard Time
BUSO,1.445916,110.18028,Singapore Standard Time
HSPT,1.543055,110.339166,Singapore Standard Time
SGTP,1.472702,110.34483,Singapore Standard Time
GERT,1.557488,110.343136,Singapore Standard Time
MAXI,6.171676,116.194534,Singapore Standard Time
MAKH,2.09612,111.50791,Singapore Standard Time
HOSK,6.90992,116.83412,Singapore Standard Time
RHBP,1.55383,110.36021,Singapore Standard Time
DALT,6.155086,116.163197,Singapore Standard Time
KYSH,1.538965,110.362101,Singapore Standard Time
TABJ,1.51509,110.38872,Singapore Standard Time
JJLO,6.881368,116.847446,Singapore Standard Time
BGAU,1.586921,110.31661,Singapore Standard Time
AMBN,1.553551,110.334794,Singapore Standard Time
KMSG,1.52272,110.29111,Singapore Standard Time
KAGA,1.53911,110.3791,Singapore Standard Time
INPR,6.061439,116.150728,Singapore Standard Time
INSK,6.08437,116.151303,Singapore Standard Time
SBND,6.188252,116.17286,Singapore Standard Time
KSEM,1.471694,110.30136,Singapore Standard Time
KKAP,6.149088,116.3076,Singapore Standard Time
NYLG,2.12062,111.53163,Singapore Standard Time
TOMH,6.117114,116.205752,Singapore Standard Time
GRWP,1.4331,110.3302,Singapore Standard Time
KIAN,5.98009,116.16229,Singapore Standard Time
BLVR,1.509805,110.33636,Singapore Standard Time
KOBU,5.973017,116.194424,Singapore Standard Time
IMPR,1.53315,110.36692,Singapore Standard Time
WSEV,6.003254,116.14143,Singapore Standard Time
TSPU,6.013104,116.16231,Singapore Standard Time
SPBY,6.083665,116.13221,Singapore Standard Time
TINL,1.41488,110.29857,Singapore Standard Time
PKBA,1.418916,110.152972,Singapore Standard Time
NGIN,6.49686,116.82654,Singapore Standard Time
BOHY,6.035398,116.129312,Singapore Standard Time
ROUN,6.194709,116.235168,Singapore Standard Time
POLM,1.632894,110.19661,Singapore Standard Time
FOHL,6.10446,116.23173,Singapore Standard Time
BKEL,6.891894,116.837438,Singapore Standard Time
KKIP,6.090296,116.18653,Singapore Standard Time
KSRD,6.04836,116.161742,Singapore Standard Time
BTKT,1.456388,110.29089,Singapore Standard Time
WLWF,1.439291,110.33848,Singapore Standard Time
TTON,1.499333,110.37383,Singapore Standard Time
HUAP,1.441072,110.355935,Singapore Standard Time
BTAR,1.557194,110.35372,Singapore Standard Time
TEPK,6.07625,116.19211,Singapore Standard Time
POTE,6.095472,116.161575,Singapore Standard Time
APAG,6.032243,116.14462,Singapore Standard Time
RASR,6.154191,116.14801,Singapore Standard Time
BANH,1.55292,110.34995,Singapore Standard Time
PSBA,1.425592,110.32575,Singapore Standard Time
TMLI,1.53425,110.34828,Singapore Standard Time
ATOK,1.74066,111.339,Singapore Standard Time
LIKH,6.013671,116.12012,Singapore Standard Time
TMTH,1.56384,110.405,Singapore Standard Time
TOPO,6.192339,116.274434,Singapore Standard Time
POHK,1.53721,110.32836,Singapore Standard Time
KITN,6.11666,116.16254,Singapore Standard Time
MYHG,1.52844,110.251775,Singapore Standard Time
NYLO,2.12862,111.52728,Singapore Standard Time
DURS,1.36406,110.389,Singapore Standard Time
KPHB,1.4678,110.31762,Singapore Standard Time
KPMT,1.578138,110.23644,Singapore Standard Time
ARUH,1.555887,110.338325,Singapore Standard Time
PSPB,1.697347,110.31063,Singapore Standard Time
PKBT,6.139815,116.2185,Singapore Standard Time
SGMY,1.497833,110.24878,Singapore Standard Time
SATR,6.042344,116.158565,Singapore Standard Time
CNDR,1.584706,110.328203,Singapore Standard Time
SMKB,6.02875,116.164164,Singapore Standard Time
SNWY,1.522416,110.35519,Singapore Standard Time
UMSA,6.040242,116.122502,Singapore Standard Time
NAMA,1.209563,111.47857,Singapore Standard Time
WALW,1.52813,110.3595,Singapore Standard Time
MIRE,6.21357,116.19937,Singapore Standard Time
GAAY,6.086922,116.10561,Singapore Standard Time
KKIS,6.08268,116.16377,Singapore Standard Time
KMAW,6.09655,116.14572,Singapore Standard Time
DSUM,1.512527,110.368194,Singapore Standard Time
RUDU,6.49548,116.77292,Singapore Standard Time
SMMM,1.23266,111.4624,Singapore Standard Time
KFSU,6.045301,116.147609,Singapore Standard Time
RATU,6.012667,116.148387,Singapore Standard Time
SBKS,1.537038,110.340301,Singapore Standard Time
WAHM,2.106438,111.52975,Singapore Standard Time
KGNU,6.063125,116.125569,Singapore Standard Time
KSUD,1.492999,110.311111,Singapore Standard Time
SPNG,6.074899,116.1528,Singapore Standard Time
KIBA,5.98335,116.14909,Singapore Standard Time
KPDW,6.239396,116.237569,Singapore Standard Time
SENR,1.620973,110.446716,Singapore Standard Time
KDT2,6.91602,116.84464,Singapore Standard Time
BACR,6.018953,116.151617,Singapore Standard Time
KPOR,6.893013,116.847557,Singapore Standard Time
SKKM,6.49621,116.760133,Singapore Standard Time
KISO,5.97885,116.17322,Singapore Standard Time
EMKW,1.505647,110.300794,Singapore Standard Time
MTAB,1.527377,110.3992,Singapore Standard Time
KKSM,6.12383,116.257312,Singapore Standard Time
BKBN,1.45184,110.38373,Singapore Standard Time
MTNG,1.602916,110.221833,Singapore Standard Time
STCO,1.472779,110.332567,Singapore Standard Time
CANS,6.035664,116.11444,Singapore Standard Time
SJIJ,1.542973,110.27128,Singapore Standard Time
BTKW,1.496222,110.2915,Singapore Standard Time
STAK,1.453596,110.362942,Singapore Standard Time
MEHG,6.03297,116.15607,Singapore Standard Time
STPK,1.503031,110.295952,Singapore Standard Time
UMSE,6.04681,116.12601,Singapore Standard Time
BUNN,2.132186,111.506371,Singapore Standard Time
UMSS,6.0435,116.13059,Singapore Standard Time
ALBO,6.03167,116.13501,Singapore Standard Time
EKAN,6.517862,116.75084,Singapore Standard Time
JWAH,6.90846,116.84837,Singapore Standard Time
CLSA,1.454277,110.32847,Singapore Standard Time
KSTK,1.46034,110.34504,Singapore Standard Time
HAKA,1.490847,110.3321,Singapore Standard Time
GREV,1.468235,110.326969,Singapore Standard Time
SJIP,1.589722,110.41114,Singapore Standard Time
HILT,1.557333,110.35025,Singapore Standard Time
DKUN,1.50205,110.32919,Singapore Standard Time
RHBC,1.52305,110.34529,Singapore Standard Time
KLYA,6.18004,116.22343,Singapore Standard Time
DAGO,1.558065,110.3226,Singapore Standard Time
SGCN,1.611317,110.213008,Singapore Standard Time
MJCX,1.517935,110.311828,Singapore Standard Time
TLGA,1.665309,110.20666,Singapore Standard Time
BNTU,6.17684,116.23311,Singapore Standard Time
URAT,1.531396,110.37446,Singapore Standard Time
SALT,6.103,116.164417,Singapore Standard Time
BTKM,1.562152,110.259647,Singapore Standard Time
UMST,6.03115,116.12092,Singapore Standard Time
SART,1.678141,110.30978,Singapore Standard Time
SNDU,1.519168,110.236743,Singapore Standard Time
SRRA,6.058947,116.185337,Singapore Standard Time
KIUU,6.0947,116.276,Singapore Standard Time
GOLK,1.484371,110.32663,Singapore Standard Time
BTSP,1.419167,110.33144,Singapore Standard Time
TUAR,6.170965,116.22896,Singapore Standard Time
UMSW,6.053387,116.126764,Singapore Standard Time
PJKR,6.900375,116.846969,Singapore Standard Time
KKFD,6.026386,116.11539,Singapore Standard Time
KMPO,1.586078,110.273008,Singapore Standard Time
TPRL,6.1406,116.2611,Singapore Standard Time
RAZK,2.13138,111.52,Singapore Standard Time
GREH,1.490535,110.336577,Singapore Standard Time
HUAT,2.13153,111.485,Singapore Standard Time
BZAR,1.558794,110.345274,Singapore Standard Time
HRGR,1.49274,110.38038,Singapore Standard Time
MLIH,1.553401,110.248998,Singapore Standard Time
RTKW,1.507059,110.26644,Singapore Standard Time
KCIN,1.4255,110.33292,Singapore Standard Time
CRYL,1.50763,110.36056,Singapore Standard Time
BANA,1.545816,110.327112,Singapore Standard Time
BAZZ,1.50995,110.29215,Singapore Standard Time
REPK,2.083678,111.52374,Singapore Standard Time
OESH,1.50628,110.37496,Singapore Standard Time
SAHS,5.968663,116.09293,Singapore Standard Time
SLMA,6.05368,116.151031,Singapore Standard Time
PKTL,6.085217,116.197157,Singapore Standard Time
ITMS,6.070014,116.132372,Singapore Standard Time
BRCM,1.56144,110.38513,Singapore Standard Time
KUCM,1.494822,110.300336,Singapore Standard Time
MEGT,6.024056,116.157528,Singapore Standard Time
FISH,6.023561,116.121528,Singapore Standard Time
CHON,6.88924,116.85215,Singapore Standard Time
APTU,6.192548,116.209111,Singapore Standard Time
SUCI,1.4446,110.375,Singapore Standard Time
SRIB,1.481,110.2905,Singapore Standard Time
HODU,6.459044,116.77547,Singapore Standard Time
KKID,6.091694,116.169353,Singapore Standard Time
ICOL,1.520194,110.35112,Singapore Standard Time
UMSM,6.036958,116.124558,Singapore Standard Time
KKEP,5.92849,116.06369,Singapore Standard Time
VCRY,5.933032,116.084968,Singapore Standard Time
KMED,5.9903,116.1282,Singapore Standard Time
SIHI,5.99099,116.08388,Singapore Standard Time
MAAN,5.930618,116.661224,Singapore Standard Time
TMRN,5.950524,116.665,Singapore Standard Time
SLEE,4.463927,118.56767,Singapore Standard Time
